{
    "original": {
        "SSIM": 0.654472549695894,
        "PSNR": 19.798349099477008,
        "LPIPS": 0.18863601982593536,
        "FID": 51.506500244140625
    },
    "matched": {
        "SSIM": 0.6416684450215135,
        "PSNR": 20.610033168885295,
        "LPIPS": 0.18648384511470795,
        "FID": 54.78037643432617
    }
}