{
  "aggregate": {
    "latent_stats": {
      "min": -0.15379200875759125,
      "max": 0.16138362884521484,
      "mean": 0.02459500916302204,
      "std": 0.09297403693199158,
      "skewness": -0.3998017907142639,
      "excess_kurtosis": -1.2409076690673828,
      "p01": -0.1345870815217495,
      "p50": 0.040035586804151535,
      "p99": 0.14512844234704972
    },
    "mean_dice": 0.9531576080299922,
    "mean_iou": 0.9105109102984286,
    "mean_gt_edge_density": 0.010767173767089844,
    "mean_recon_edge_density": 0.010179424285888672,
    "visual_verdict": "Autoencoder upper-bound masks are structurally sharp after thresholding.",
    "conclusion": "The dominant blur/patchiness is not an inherent MaskEncoder/MaskDecoder bottleneck. It comes from the flow-matching trajectory not landing exactly on the clean mask-latent manifold."
  },
  "samples": [
    {
      "sample_id": "LIDC-IDRI-0657_0001",
      "mask_path": "/home/wenting/zr/wt_dataset/LIDC_IDRI/img_complex_fb_256_pseudomask_10ch/LIDC-IDRI-0657/0001.npz",
      "dice": 0.9538551129746098,
      "iou": 0.9117810781323061,
      "gt_edge_density": 0.0106353759765625,
      "recon_edge_density": 0.01007080078125,
      "latent_min": -0.15140607953071594,
      "latent_max": 0.16077421605587006,
      "latent_mean": 0.024592680856585503,
      "latent_std": 0.09299707412719727,
      "latent_skewness": -0.40013182163238525,
      "latent_excess_kurtosis": -1.2399168014526367,
      "latent_p01": -0.1357068806886673,
      "latent_p50": 0.04118351638317108,
      "latent_p99": 0.14511522874236107
    },
    {
      "sample_id": "LIDC-IDRI-0657_0002",
      "mask_path": "/home/wenting/zr/wt_dataset/LIDC_IDRI/img_complex_fb_256_pseudomask_10ch/LIDC-IDRI-0657/0002.npz",
      "dice": 0.9513648021315679,
      "iou": 0.9072409585959099,
      "gt_edge_density": 0.0108428955078125,
      "recon_edge_density": 0.01019744873046875,
      "latent_min": -0.1483638882637024,
      "latent_max": 0.16085894405841827,
      "latent_mean": 0.024590570479631424,
      "latent_std": 0.09294427931308746,
      "latent_skewness": -0.39937710762023926,
      "latent_excess_kurtosis": -1.2410078048706055,
      "latent_p01": -0.13448989987373353,
      "latent_p50": 0.03771072160452604,
      "latent_p99": 0.14491712227463724
    },
    {
      "sample_id": "LIDC-IDRI-0657_0003",
      "mask_path": "/home/wenting/zr/wt_dataset/LIDC_IDRI/img_complex_fb_256_pseudomask_10ch/LIDC-IDRI-0657/0003.npz",
      "dice": 0.9547577864849919,
      "iou": 0.9134320965417867,
      "gt_edge_density": 0.01050872802734375,
      "recon_edge_density": 0.01000518798828125,
      "latent_min": -0.14806540310382843,
      "latent_max": 0.16138362884521484,
      "latent_mean": 0.024614816531538963,
      "latent_std": 0.09295457601547241,
      "latent_skewness": -0.3994440734386444,
      "latent_excess_kurtosis": -1.2410080432891846,
      "latent_p01": -0.13406553864479065,
      "latent_p50": 0.043340446427464485,
      "latent_p99": 0.14538013562560081
    },
    {
      "sample_id": "LIDC-IDRI-0657_0004",
      "mask_path": "/home/wenting/zr/wt_dataset/LIDC_IDRI/img_complex_fb_256_pseudomask_10ch/LIDC-IDRI-0657/0004.npz",
      "dice": 0.9522185681175839,
      "iou": 0.9087950398270117,
      "gt_edge_density": 0.0108001708984375,
      "recon_edge_density": 0.01016082763671875,
      "latent_min": -0.15142080187797546,
      "latent_max": 0.16083237528800964,
      "latent_mean": 0.02457309700548649,
      "latent_std": 0.09301816672086716,
      "latent_skewness": -0.4008350074291229,
      "latent_excess_kurtosis": -1.240163803100586,
      "latent_p01": -0.13560017198324203,
      "latent_p50": 0.04000066313892603,
      "latent_p99": 0.14480515122413634
    },
    {
      "sample_id": "LIDC-IDRI-0657_0005",
      "mask_path": "/home/wenting/zr/wt_dataset/LIDC_IDRI/img_complex_fb_256_pseudomask_10ch/LIDC-IDRI-0657/0005.npz",
      "dice": 0.9513687449354676,
      "iou": 0.9072481297316669,
      "gt_edge_density": 0.010870361328125,
      "recon_edge_density": 0.01023712158203125,
      "latent_min": -0.15379200875759125,
      "latent_max": 0.160845547914505,
      "latent_mean": 0.02460547536611557,
      "latent_std": 0.09293606132268906,
      "latent_skewness": -0.3992975354194641,
      "latent_excess_kurtosis": -1.2416002750396729,
      "latent_p01": -0.1332196943461895,
      "latent_p50": 0.03915268927812576,
      "latent_p99": 0.14515737593173986
    },
    {
      "sample_id": "LIDC-IDRI-0657_0006",
      "mask_path": "/home/wenting/zr/wt_dataset/LIDC_IDRI/img_complex_fb_256_pseudomask_10ch/LIDC-IDRI-0657/0006.npz",
      "dice": 0.9528032237659021,
      "iou": 0.9098607304659098,
      "gt_edge_density": 0.01073760986328125,
      "recon_edge_density": 0.0102203369140625,
      "latent_min": -0.1478247195482254,
      "latent_max": 0.16086408495903015,
      "latent_mean": 0.024606339633464813,
      "latent_std": 0.0929654911160469,
      "latent_skewness": -0.4001013934612274,
      "latent_excess_kurtosis": -1.240573763847351,
      "latent_p01": -0.13528455868363382,
      "latent_p50": 0.04167452082037926,
      "latent_p99": 0.14473683163523673
    },
    {
      "sample_id": "LIDC-IDRI-0657_0007",
      "mask_path": "/home/wenting/zr/wt_dataset/LIDC_IDRI/img_complex_fb_256_pseudomask_10ch/LIDC-IDRI-0657/0007.npz",
      "dice": 0.9539988284345818,
      "iou": 0.9120437475293187,
      "gt_edge_density": 0.01084442138671875,
      "recon_edge_density": 0.010302734375,
      "latent_min": -0.14949537813663483,
      "latent_max": 0.16088655591011047,
      "latent_mean": 0.024604087695479393,
      "latent_std": 0.09300292283296585,
      "latent_skewness": -0.40038052201271057,
      "latent_excess_kurtosis": -1.2392340898513794,
      "latent_p01": -0.13550679832696916,
      "latent_p50": 0.04113752953708172,
      "latent_p99": 0.14494864642620087
    },
    {
      "sample_id": "LIDC-IDRI-0657_0008",
      "mask_path": "/home/wenting/zr/wt_dataset/LIDC_IDRI/img_complex_fb_256_pseudomask_10ch/LIDC-IDRI-0657/0008.npz",
      "dice": 0.9553457692777496,
      "iou": 0.9145090702569071,
      "gt_edge_density": 0.01053924560546875,
      "recon_edge_density": 0.00990447998046875,
      "latent_min": -0.14999468624591827,
      "latent_max": 0.16067783534526825,
      "latent_mean": 0.024580972269177437,
      "latent_std": 0.09294695407152176,
      "latent_skewness": -0.3990984559059143,
      "latent_excess_kurtosis": -1.241697907447815,
      "latent_p01": -0.1339286185801029,
      "latent_p50": 0.04114778898656368,
      "latent_p99": 0.14560264497995376
    },
    {
      "sample_id": "LIDC-IDRI-0657_0009",
      "mask_path": "/home/wenting/zr/wt_dataset/LIDC_IDRI/img_complex_fb_256_pseudomask_10ch/LIDC-IDRI-0657/0009.npz",
      "dice": 0.9528662127346338,
      "iou": 0.9099756156499198,
      "gt_edge_density": 0.0107879638671875,
      "recon_edge_density": 0.01014404296875,
      "latent_min": -0.15317386388778687,
      "latent_max": 0.16088537871837616,
      "latent_mean": 0.02461087331175804,
      "latent_std": 0.09301900863647461,
      "latent_skewness": -0.4003041982650757,
      "latent_excess_kurtosis": -1.241294026374817,
      "latent_p01": -0.13464466705918313,
      "latent_p50": 0.04219876974821091,
      "latent_p99": 0.1447018638253212
    },
    {
      "sample_id": "LIDC-IDRI-0657_0010",
      "mask_path": "/home/wenting/zr/wt_dataset/LIDC_IDRI/img_complex_fb_256_pseudomask_10ch/LIDC-IDRI-0657/0010.npz",
      "dice": 0.9520030496257278,
      "iou": 0.9084024999173308,
      "gt_edge_density": 0.0108154296875,
      "recon_edge_density": 0.010186767578125,
      "latent_min": -0.1504334807395935,
      "latent_max": 0.1607946902513504,
      "latent_mean": 0.024593211710453033,
      "latent_std": 0.09293658286333084,
      "latent_skewness": -0.3995068073272705,
      "latent_excess_kurtosis": -1.2404677867889404,
      "latent_p01": -0.13374339118599893,